skin https://en.wikipedia.org/wiki/Skin
left_lateral_ventricle https://en.wikipedia.org/wiki/Lateral_ventricles
left_caudate_nucleus https://en.wikipedia.org/wiki/Caudate_nucleus
left_putamen https://en.wikipedia.org/wiki/Putamen
fourth_ventricle https://en.wikipedia.org/wiki/Fourth_ventricle
left_hippocampus https://en.wikipedia.org/wiki/Hippocampus
third_ventricle https://en.wikipedia.org/wiki/Third_ventricle
left_nucleus_accumbens https://en.wikipedia.org/wiki/Nucleus_accumbens
left_middle_cerebellar_peduncle https://en.wikipedia.org/wiki/Middle_cerebellar_peduncle
left_hypothalamus https://en.wikipedia.org/wiki/Hypothalamus
left_superior_cerebellar_peduncle https://en.wikipedia.org/wiki/Superior_cerebellar_peduncle
pons https://en.wikipedia.org/wiki/Pons
right_lateral_ventricle https://en.wikipedia.org/wiki/Lateral_ventricles
right_caudate_nucleus https://en.wikipedia.org/wiki/Caudate_nucleus
right_putamen https://en.wikipedia.org/wiki/Putamen
right_hippocampus https://en.wikipedia.org/wiki/Hippocampus
right_nucleus_accumbens https://en.wikipedia.org/wiki/Nucleus_accumbens
right_hypothalamus https://en.wikipedia.org/wiki/Hypothalamus
left_optic_nerve https://en.wikipedia.org/wiki/Optic_nerve
left_optic_tract https://en.wikipedia.org/wiki/Optic_tract
left_red_nucleus https://en.wikipedia.org/wiki/Red_nucleus
right_red_nucleus https://en.wikipedia.org/wiki/Red_nucleus
optic_chiasm https://en.wikipedia.org/wiki/Optic_chiasm
anterior_commissure https://en.wikipedia.org/wiki/Anterior_commissure
right_optic_nerve https://en.wikipedia.org/wiki/Optic_nerve
right_optic_tract https://en.wikipedia.org/wiki/Optic_tract
left_Dentate_nucleus https://en.wikipedia.org/wiki/Dentate_nucleus
right_Dentate_nucleus https://en.wikipedia.org/wiki/Dentate_nucleus
right_subthalamic_nucleus https://en.wikipedia.org/wiki/Subthalamic_nucleus
left_subthalamic_nucleus https://en.wikipedia.org/wiki/Subthalamic_nucleus
right_internal_medullary_lamina https://en.wikipedia.org/wiki/Medullary_laminae_of_thalamus
left_internal_medullary_lamina https://en.wikipedia.org/wiki/Medullary_laminae_of_thalamus
right_lateral_geniculate_body https://en.wikipedia.org/wiki/Lateral_geniculate_nucleus
left_lateral_geniculate_body https://en.wikipedia.org/wiki/Lateral_geniculate_nucleus
right_pulvinar https://en.wikipedia.org/wiki/Pulvinar_nuclei
left_pulvinar https://en.wikipedia.org/wiki/Pulvinar_nuclei
left_insula https://en.wikipedia.org/wiki/Insular_cortex
left_cuneus https://en.wikipedia.org/wiki/Cuneus
left_inferior_parietal_lobule https://en.wikipedia.org/wiki/Inferior_parietal_lobule
left_inferior_temporal_gyrus https://en.wikipedia.org/wiki/Inferior_temporal_gyrus
left_lingual_gyrus https://en.wikipedia.org/wiki/Lingual_gyrus
left_straight_gyrus https://en.wikipedia.org/wiki/Straight_gyrus
left_middle_temporal_gyrus https://en.wikipedia.org/wiki/Middle_temporal_gyrus
left_parahippocampal_gyrus https://en.wikipedia.org/wiki/Parahippocampal_gyrus
left_paracentral_lobule https://en.wikipedia.org/wiki/Paracentral_lobule
left_postcentral_gyrus https://en.wikipedia.org/wiki/Postcentral_gyrus
left_precuneus https://en.wikipedia.org/wiki/Precuneus
left_superior_frontal_gyrus https://en.wikipedia.org/wiki/Superior_frontal_gyrus
left_superior_parietal_lobule https://en.wikipedia.org/wiki/Superior_parietal_lobule
left_superior_temporal_gyrus https://en.wikipedia.org/wiki/Superior_temporal_gyrus
left_supramarginal_gyrus https://en.wikipedia.org/wiki/Supramarginal_gyrus
left_frontal_pole https://en.wikipedia.org/wiki/Poles_of_cerebral_hemispheres
left_temporal_pole https://en.wikipedia.org/wiki/Poles_of_cerebral_hemispheres
left_limen_insulae https://en.wikipedia.org/wiki/Limen_insulae
right_insula https://en.wikipedia.org/wiki/Insular_cortex
right_cuneus https://en.wikipedia.org/wiki/Cuneus
right_inferior_parietal_lobule https://en.wikipedia.org/wiki/Inferior_parietal_lobule
right_inferior_temporal_gyrus https://en.wikipedia.org/wiki/Inferior_temporal_gyrus
right_lingual_gyrus https://en.wikipedia.org/wiki/Lingual_gyrus
right_straight_gyrus https://en.wikipedia.org/wiki/Straight_gyrus
right_middle_temporal_gyrus https://en.wikipedia.org/wiki/Middle_temporal_gyrus
right_parahippocampal_gyrus https://en.wikipedia.org/wiki/Parahippocampal_gyrus
right_paracentral_lobule https://en.wikipedia.org/wiki/Paracentral_lobule
right_postcentral_gyrus https://en.wikipedia.org/wiki/Postcentral_gyrus
right_precuneus https://en.wikipedia.org/wiki/Precuneus
right_superior_frontal_gyrus https://en.wikipedia.org/wiki/Superior_frontal_gyrus
right_superior_parietal_lobule https://en.wikipedia.org/wiki/Superior_parietal_lobule
right_superior_temporal_gyrus https://en.wikipedia.org/wiki/Superior_temporal_gyrus
right_supramarginal_gyrus https://en.wikipedia.org/wiki/Supramarginal_gyrus
right_frontal_pole https://en.wikipedia.org/wiki/Poles_of_cerebral_hemispheres
right_temporal_pole https://en.wikipedia.org/wiki/Poles_of_cerebral_hemispheres
right_limen_insulae https://en.wikipedia.org/wiki/Limen_insulae
right_claustrum https://en.wikipedia.org/wiki/Claustrum
left_claustrum https://en.wikipedia.org/wiki/Claustrum
right_mammillary_body https://en.wikipedia.org/wiki/Mammillary_body
left_mammillary_body https://en.wikipedia.org/wiki/Mammillary_body
corpus_callosum https://en.wikipedia.org/wiki/Corpus_callosum
adenohypophysis https://en.wikipedia.org/wiki/Anterior_pituitary
neurohypophysis https://en.wikipedia.org/wiki/Posterior_pituitary
left_temporalis https://en.wikipedia.org/wiki/Temporal_muscle
right_temporalis https://en.wikipedia.org/wiki/Temporal_muscle
left_masseter https://en.wikipedia.org/wiki/Masseter_muscle
right_masseter https://en.wikipedia.org/wiki/Masseter_muscle
left_lateral_pterygoid https://en.wikipedia.org/wiki/Lateral_pterygoid_muscle
right_lateral_pterygoid https://en.wikipedia.org/wiki/Lateral_pterygoid_muscle
left_superior_rectus https://en.wikipedia.org/wiki/Superior_rectus_muscle
right_superior_rectus https://en.wikipedia.org/wiki/Superior_rectus_muscle
left_superior_oblique https://en.wikipedia.org/wiki/Superior_oblique_muscle
right_superior_oblique https://en.wikipedia.org/wiki/Superior_oblique_muscle
left_inferior_rectus https://en.wikipedia.org/wiki/Inferior_rectus_muscle
right_inferior_rectus https://en.wikipedia.org/wiki/Inferior_rectus_muscle
left_lateral_rectus https://en.wikipedia.org/wiki/Lateral_rectus_muscle
right_lateral_rectus https://en.wikipedia.org/wiki/Lateral_rectus_muscle
left_levator_palpebrae_superioris https://en.wikipedia.org/wiki/Levator_palpebrae_superioris_muscle
right_levator_palpebrae_superioris https://en.wikipedia.org/wiki/Levator_palpebrae_superioris_muscle
uvula https://en.wikipedia.org/wiki/Palatine_uvula
left_tensor_veli_palatini https://en.wikipedia.org/wiki/Tensor_veli_palatini_muscle
right_tensor_veli_palatini https://en.wikipedia.org/wiki/Tensor_veli_palatini_muscle
left_palatoglossus https://en.wikipedia.org/wiki/Palatoglossus_muscle
right_palatoglossus https://en.wikipedia.org/wiki/Palatoglossus_muscle
left_levator_veli_palatini https://en.wikipedia.org/wiki/Levator_veli_palatini
right_levator_veli_palatini https://en.wikipedia.org/wiki/Levator_veli_palatini
left_palatopharyngeus https://en.wikipedia.org/wiki/Palatopharyngeus_muscle
right_palatopharyngeus https://en.wikipedia.org/wiki/Palatopharyngeus_muscle
left_zygomaticus_major https://en.wikipedia.org/wiki/Zygomaticus_major_muscle
right_zygomaticus_major https://en.wikipedia.org/wiki/Zygomaticus_major_muscle
left_nasalis https://en.wikipedia.org/wiki/Nasalis_muscle
right_nasalis https://en.wikipedia.org/wiki/Nasalis_muscle
left_levator_labii_superioris https://en.wikipedia.org/wiki/Levator_labii_superioris
right_levator_labii_superioris https://en.wikipedia.org/wiki/Levator_labii_superioris
left_buccinator https://en.wikipedia.org/wiki/Buccinator_muscle
right_buccinator https://en.wikipedia.org/wiki/Buccinator_muscle
tongue https://en.wikipedia.org/wiki/Tongue
left_hyoglossus https://en.wikipedia.org/wiki/Hyoglossus
right_hyoglossus https://en.wikipedia.org/wiki/Hyoglossus
middle_constrictor https://en.wikipedia.org/wiki/Middle_pharyngeal_constrictor_muscle
left_stylopharyngeus https://en.wikipedia.org/wiki/Stylopharyngeus_muscle
right_stylopharyngeus https://en.wikipedia.org/wiki/Stylopharyngeus_muscle
left_rectus_capitis_posterior_minor https://en.wikipedia.org/wiki/Rectus_capitis_posterior_minor_muscle
right_rectus_capitis_posterior_minor https://en.wikipedia.org/wiki/Rectus_capitis_posterior_minor_muscle
left_longus_colli https://en.wikipedia.org/wiki/Longus_colli_muscle
right_longus_colli https://en.wikipedia.org/wiki/Longus_colli_muscle
left_stylohyoid https://en.wikipedia.org/wiki/Stylohyoid_muscle
right_stylohyoid https://en.wikipedia.org/wiki/Stylohyoid_muscle
left_trapezius https://en.wikipedia.org/wiki/Trapezius_muscle
right_trapezius https://en.wikipedia.org/wiki/Trapezius_muscle
left_longus_capitis https://en.wikipedia.org/wiki/Longus_capitis_muscle
right_longus_capitis https://en.wikipedia.org/wiki/Longus_capitis_muscle
left_sternocleidomastoid https://en.wikipedia.org/wiki/Sternocleidomastoid_muscle
right_sternocleidomastoid https://en.wikipedia.org/wiki/Sternocleidomastoid_muscle
left_digastric https://en.wikipedia.org/wiki/Digastric_muscle
right_digastric https://en.wikipedia.org/wiki/Digastric_muscle
left_splenius_capitis https://en.wikipedia.org/wiki/Splenius_capitis_muscle
right_splenius_capitis https://en.wikipedia.org/wiki/Splenius_capitis_muscle
left_rectus_capitis_posterior_major https://en.wikipedia.org/wiki/Rectus_capitis_posterior_major_muscle
right_rectus_capitis_posterior_major https://en.wikipedia.org/wiki/Rectus_capitis_posterior_major_muscle
left_calcarine_sulcus https://en.wikipedia.org/wiki/Calcarine_sulcus
right_calcarine_sulcus https://en.wikipedia.org/wiki/Calcarine_sulcus
left_central_sulcus https://en.wikipedia.org/wiki/Central_sulcus
right_central_sulcus https://en.wikipedia.org/wiki/Central_sulcus
left_cingulate_sulcus https://en.wikipedia.org/wiki/Cingulate_sulcus
right_cingulate_sulcus https://en.wikipedia.org/wiki/Cingulate_sulcus
left_collateral_sulcus https://en.wikipedia.org/wiki/Collateral_fissure
right_collateral_sulcus https://en.wikipedia.org/wiki/Collateral_fissure
left_inferior_frontal_sulcus https://en.wikipedia.org/wiki/Inferior_frontal_sulcus
right_inferior_frontal_sulcus https://en.wikipedia.org/wiki/Inferior_frontal_sulcus
left_intraparietal_sulcus https://en.wikipedia.org/wiki/Intraparietal_sulcus
right_intraparietal_sulcus https://en.wikipedia.org/wiki/Intraparietal_sulcus
left_parieto-occipital_sulcus https://en.wikipedia.org/wiki/Parieto-occipital_sulcus
right_parieto-occipital_sulcus https://en.wikipedia.org/wiki/Parieto-occipital_sulcus
left_postcentral_sulcus https://en.wikipedia.org/wiki/Postcentral_sulcus
right_postcentral_sulcus https://en.wikipedia.org/wiki/Postcentral_sulcus
left_precentral_sulcus https://en.wikipedia.org/wiki/Precentral_sulcus
right_precentral_sulcus https://en.wikipedia.org/wiki/Precentral_sulcus
left_superior_frontal_sulcus https://en.wikipedia.org/wiki/Superior_frontal_sulcus
right_superior_frontal_sulcus https://en.wikipedia.org/wiki/Superior_frontal_sulcus
left_superior_temporal_sulcus https://en.wikipedia.org/wiki/Superior_temporal_sulcus
right_superior_temporal_sulcus https://en.wikipedia.org/wiki/Superior_temporal_sulcus
